run_id,ticker,market_cap_tier_at_buy,buy_date,buy_price,entry_reason,entry_indicator_values,sell_date,sell_price,exit_reason,exit_indicator_values,days_held,pnl_inr,pnl_pct,trade_cagr,return_zscore,entry_signal_score,entry_signal_zscore
orch_technical_20260803_015610_dc0a4bb3,FLEXITUFF,,2023-08-18,39.45,buy,"{""template_name"": ""B5"", ""matched"": true, ""score"": 1.0, ""matched_conditions"": 2, ""total_conditions"": 2, ""feature__base_breakout_score"": 0.72, ""feature__volume_ratio_21d"": 8.635263, ""feature__rsi_14"": 73.975764, ""feature__adx_14"": 28.29889}",2023-08-22,39.85,exit_model_urgent,,4,18.340963765599554,0.006117324983523298,1.5122862240062194,0.023642533835771116,1.0,
orch_technical_20260803_015610_dc0a4bb3,AUSOMENT,,2023-08-18,73.3894812542,buy,"{""template_name"": ""B5"", ""matched"": true, ""score"": 1.0, ""matched_conditions"": 2, ""total_conditions"": 2, ""feature__base_breakout_score"": 0.62457, ""feature__volume_ratio_21d"": 4.999906, ""feature__rsi_14"": 64.333342, ""feature__adx_14"": 25.285875}",2023-08-25,74.4789337424,exit_model_urgent,,7,31.770929710532982,0.010822712317752881,1.1573652915053452,0.056999886002346394,1.0,
orch_technical_20260803_015610_dc0a4bb3,BFUTILITIE,,2023-08-18,592.35,buy,"{""template_name"": ""B5"", ""matched"": true, ""score"": 1.0, ""matched_conditions"": 2, ""total_conditions"": 2, ""feature__base_breakout_score"": 0.851091, ""feature__volume_ratio_21d"": 4.449975, ""feature__rsi_14"": 87.504284, ""feature__adx_14"": 56.25137}",2023-08-25,592.35,exit_model_urgent,,7,-11.912430980999943,-0.004022091999999981,0.0,-0.04823764925196573,1.0,
orch_technical_20260803_015610_dc0a4bb3,ADANIPORTS,,2023-08-18,824.8229514058,buy,"{""template_name"": ""B5"", ""matched"": true, ""score"": 1.0, ""matched_conditions"": 2, ""total_conditions"": 2, ""feature__base_breakout_score"": 0.820741, ""feature__volume_ratio_21d"": 3.284146, ""feature__rsi_14"": 71.563374, ""feature__adx_14"": 34.110209}",2023-08-31,781.7020482159,exit_model_urgent,,13,-139.31525095249663,-0.05630107273932848,-0.7787862586011619,-0.418852913747915,1.0,
orch_technical_20260803_015610_dc0a4bb3,ADANIPOWER,,2023-08-18,60.92,buy,"{""template_name"": ""B5"", ""matched"": true, ""score"": 1.0, ""matched_conditions"": 2, ""total_conditions"": 2, ""feature__base_breakout_score"": 0.76541, ""feature__volume_ratio_21d"": 4.465424, ""feature__rsi_14"": 71.912241, ""feature__adx_14"": 24.042689}",2023-08-31,64.26,exit_model_urgent,,13,151.65373361264028,0.05080390931319773,3.480144988599834,0.3404339103421594,1.0,
orch_technical_20260803_015610_dc0a4bb3,DPABHUSHAN,,2023-08-18,412.4128774169,buy,"{""template_name"": ""B5"", ""matched"": true, ""score"": 1.0, ""matched_conditions"": 2, ""total_conditions"": 2, ""feature__base_breakout_score"": 0.719483, ""feature__volume_ratio_21d"": 3.367215, ""feature__rsi_14"": 86.172549, ""feature__adx_14"": 41.01847}",2023-09-06,565.3709448519,exit_model_urgent,,19,1059.0951343003112,0.3668636776031098,429.19872404449535,2.5810394647112513,1.0,
orch_technical_20260803_015610_dc0a4bb3,COCHINSHIP,,2023-08-18,206.2622927444,buy,"{""template_name"": ""B5"", ""matched"": true, ""score"": 1.0, ""matched_conditions"": 2, ""total_conditions"": 2, ""feature__base_breakout_score"": 0.72, ""feature__volume_ratio_21d"": 2.868789, ""feature__rsi_14"": 76.573548, ""feature__adx_14"": 45.063807}",2023-09-07,280.285478211,exit_model_urgent,,20,1024.710113686715,0.35485681156348076,269.5288350317118,2.4959205934151067,1.0,
orch_technical_20260803_015610_dc0a4bb3,CELEBRITY,,2023-08-18,15.5,buy,"{""template_name"": ""B5"", ""matched"": true, ""score"": 1.0, ""matched_conditions"": 2, ""total_conditions"": 2, ""feature__base_breakout_score"": 0.844097, ""feature__volume_ratio_21d"": 5.094121, ""feature__rsi_14"": 71.743583, ""feature__adx_14"": 22.702419}",2023-09-11,18.3,exit_model_urgent,,24,528.3679117820002,0.17662306929032265,11.51892363637432,1.2323889675015094,1.0,
orch_technical_20260803_015610_dc0a4bb3,ASIANTILES,,2023-08-18,54.8,buy,"{""template_name"": ""B5"", ""matched"": true, ""score"": 1.0, ""matched_conditions"": 2, ""total_conditions"": 2, ""feature__base_breakout_score"": 0.835093, ""feature__volume_ratio_21d"": 7.897749, ""feature__rsi_14"": 75.355787, ""feature__adx_14"": 26.865693}",2023-09-12,60.85,exit_model_urgent,,25,314.7978253536003,0.1063793678540147,3.6180980750043954,0.7344185094162903,1.0,
orch_technical_20260803_015610_dc0a4bb3,BFINVEST,,2023-08-18,453.1957406403,buy,"{""template_name"": ""B5"", ""matched"": true, ""score"": 1.0, ""matched_conditions"": 2, ""total_conditions"": 2, ""feature__base_breakout_score"": 0.850844, ""feature__volume_ratio_21d"": 6.038091, ""feature__rsi_14"": 65.978244, ""feature__adx_14"": 34.399176}",2023-09-12,475.6476397179,exit_model_urgent,,25,123.77462468841986,0.04551919240368567,1.0267635369990775,0.3029695847660562,1.0,
orch_technical_20260803_015610_dc0a4bb3,BLAL,,2023-08-18,186.8,buy,"{""template_name"": ""B5"", ""matched"": true, ""score"": 1.0, ""matched_conditions"": 2, ""total_conditions"": 2, ""feature__base_breakout_score"": 0.852123, ""feature__volume_ratio_21d"": 8.534625, ""feature__rsi_14"": 77.112975, ""feature__adx_14"": 28.832308}",2023-09-12,169.8,exit_model_urgent,,25,-284.0212285696002,-0.09502851598286945,-0.751930430632936,-0.6933988482320455,1.0,
orch_technical_20260803_015610_dc0a4bb3,DPWIRES,,2023-08-18,581.525,buy,"{""template_name"": ""B5"", ""matched"": true, ""score"": 1.0, ""matched_conditions"": 2, ""total_conditions"": 2, ""feature__base_breakout_score"": 0.53795, ""feature__volume_ratio_21d"": 3.209267, ""feature__rsi_14"": 73.501411, ""feature__adx_14"": 25.186096}",2023-09-12,546.6125,exit_model_urgent,,25,-186.25723525149988,-0.06405820394703576,-0.5952804540801699,-0.47384463687673795,1.0,
orch_technical_20260803_015610_dc0a4bb3,GABRIEL,,2023-08-18,243.864792092,buy,"{""template_name"": ""B5"", ""matched"": true, ""score"": 1.0, ""matched_conditions"": 2, ""total_conditions"": 2, ""feature__base_breakout_score"": 0.572637, ""feature__volume_ratio_21d"": 4.966854, ""feature__rsi_14"": 73.614089, ""feature__adx_14"": 44.18523}",2023-09-12,287.0645406307,exit_model_urgent,,25,506.62682291214105,0.17312421997111277,9.835097420352586,1.207584984188672,1.0,
orch_technical_20260803_015610_dc0a4bb3,GMMPFAUDLR,,2023-08-18,1503.9211389562,buy,"{""template_name"": ""B5"", ""matched"": true, ""score"": 1.0, ""matched_conditions"": 2, ""total_conditions"": 2, ""feature__base_breakout_score"": 0.549693, ""feature__volume_ratio_21d"": 8.068496, ""feature__rsi_14"": 54.725896, ""feature__adx_14"": 22.576971}",2023-09-18,1803.8782425084,signal,"{""template_name"": ""B5"", ""matched"": false}",31,293.9081943705735,0.19542792953529542,7.522914884083198,1.3657000641399528,1.0,
orch_technical_20260803_015610_dc0a4bb3,CENTRALBK,,2023-09-18,49.8782248457,buy,"{""template_name"": ""B5"", ""matched"": true, ""score"": 1.0, ""matched_conditions"": 2, ""total_conditions"": 2, ""feature__base_breakout_score"": 0.72, ""feature__volume_ratio_21d"": 6.963063, ""feature__rsi_14"": 84.143268, ""feature__adx_14"": 55.279958}",2023-09-21,45.2036472514,exit_model_urgent,,3,-302.26192901241757,-0.09774189876459448,-0.9999937380732181,-0.7126345154754824,1.0,
orch_technical_20260803_015610_dc0a4bb3,GMRP&UI,,2023-09-18,46.25,buy,"{""template_name"": ""B5"", ""matched"": true, ""score"": 1.0, ""matched_conditions"": 2, ""total_conditions"": 2, ""feature__base_breakout_score"": 0.549623, ""feature__volume_ratio_21d"": 2.036748, ""feature__rsi_14"": 79.576715, ""feature__adx_14"": 47.068806}",2023-09-21,41.75,exit_model_urgent,,3,-313.963457585,-0.10131938929729731,-0.9999961312342969,-0.7379960007465981,1.0,
orch_technical_20260803_015610_dc0a4bb3,ADROITINFO,,2023-09-18,13.9429861699,buy,"{""template_name"": ""B5"", ""matched"": true, ""score"": 1.0, ""matched_conditions"": 2, ""total_conditions"": 2, ""feature__base_breakout_score"": 0.72, ""feature__volume_ratio_21d"": 7.668018, ""feature__rsi_14"": 69.079404, ""feature__adx_14"": 47.567178}",2023-09-22,12.7928309342,exit_model_urgent,,4,-267.7842163602745,-0.08651197054430676,-0.9996146063943591,-0.6330234986045764,1.0,
orch_technical_20260803_015610_dc0a4bb3,ARENTERP,,2023-09-18,44.4,buy,"{""template_name"": ""B5"", ""matched"": true, ""score"": 1.0, ""matched_conditions"": 2, ""total_conditions"": 2, ""feature__base_breakout_score"": 0.823604, ""feature__volume_ratio_21d"": 4.5615, ""feature__rsi_14"": 68.665732, ""feature__adx_14"": 26.478765}",2023-09-25,53.55,exit_model_urgent,,7,619.0279189488001,0.2020589890810811,17623.214973260892,1.4127088591220818,1.0,
orch_technical_20260803_015610_dc0a4bb3,DHANBANK,,2023-09-18,30.55,buy,"{""template_name"": ""B5"", ""matched"": true, ""score"": 1.0, ""matched_conditions"": 2, ""total_conditions"": 2, ""feature__base_breakout_score"": 0.743996, ""feature__volume_ratio_21d"": 9.856322, ""feature__rsi_14"": 79.246619, ""feature__adx_14"": 51.406201}",2023-09-26,28.1,exit_model_urgent,,8,-259.8603659706,-0.08421849134533552,-0.9779983803519843,-0.6167646047255829,1.0,
orch_technical_20260803_015610_dc0a4bb3,ASAHISONG,,2023-09-18,267.8445028294,buy,"{""template_name"": ""B5"", ""matched"": true, ""score"": 1.0, ""matched_conditions"": 2, ""total_conditions"": 2, ""feature__base_breakout_score"": 0.757328, ""feature__volume_ratio_21d"": 7.833801, ""feature__rsi_14"": 66.959591, ""feature__adx_14"": 24.40782}",2023-09-27,245.0058205335,exit_model_urgent,,9,-263.07575280771516,-0.08929052967425308,-0.9731361729997012,-0.6527212129115427,1.0,
orch_technical_20260803_015610_dc0a4bb3,EASEMYTRIP,,2023-09-18,22.2371212121,buy,"{""template_name"": ""B5"", ""matched"": true, ""score"": 1.0, ""matched_conditions"": 2, ""total_conditions"": 2, ""feature__base_breakout_score"": 0.65706, ""feature__volume_ratio_21d"": 5.449161, ""feature__rsi_14"": 71.450883, ""feature__adx_14"": 22.584807}",2023-09-29,20.1726010101,exit_model_urgent,,11,-299.4004329569002,-0.09686325531014203,-0.9606545617271451,-0.7064056511850095,1.0,
orch_technical_20260803_015610_dc0a4bb3,BCLIND,,2023-09-18,5.5145609649,buy,"{""template_name"": ""B5"", ""matched"": true, ""score"": 1.0, ""matched_conditions"": 2, ""total_conditions"": 2, ""feature__base_breakout_score"": 0.80492, ""feature__volume_ratio_21d"": 2.780987, ""feature__rsi_14"": 71.834721, ""feature__adx_14"": 20.649635}",2023-10-03,5.0960716775,exit_model_urgent,,15,-247.65617972452537,-0.07991014366243888,-0.8536496865026254,-0.5862219393282055,1.0,
orch_technical_20260803_015610_dc0a4bb3,BANKINDIA,,2023-09-18,102.5107495607,buy,"{""template_name"": ""B5"", ""matched"": true, ""score"": 1.0, ""matched_conditions"": 2, ""total_conditions"": 2, ""feature__base_breakout_score"": 0.807122, ""feature__volume_ratio_21d"": 2.512825, ""feature__rsi_14"": 79.934516, ""feature__adx_14"": 41.556509}",2023-10-09,97.4646415605,exit_model_urgent,,21,-163.7524699776627,-0.05324725152546058,-0.584368710304902,-0.39720381613936956,1.0,
orch_technical_20260803_015610_dc0a4bb3,BPL,,2023-09-18,83.65,buy,"{""template_name"": ""B5"", ""matched"": true, ""score"": 1.0, ""matched_conditions"": 2, ""total_conditions"": 2, ""feature__base_breakout_score"": 0.72, ""feature__volume_ratio_21d"": 4.495685, ""feature__rsi_14"": 66.915066, ""feature__adx_14"": 27.33044}",2023-10-09,75.65,exit_model_urgent,,21,-308.4485758445999,-0.09965867299222948,-0.8259476823432393,-0.7262228788541808,1.0,
orch_technical_20260803_015610_dc0a4bb3,BANKBARODA,,2023-09-18,203.5261979712,buy,"{""template_name"": ""B5"", ""matched"": true, ""score"": 1.0, ""matched_conditions"": 2, ""total_conditions"": 2, ""feature__base_breakout_score"": 0.663637, ""feature__volume_ratio_21d"": 2.064004, ""feature__rsi_14"": 74.045489, ""feature__adx_14"": 24.633422}",2023-10-19,192.1021371695,signal,"{""template_name"": ""B5"", ""matched"": false}",31,-183.63992841525578,-0.060152756826336355,-0.49370311216689855,-0.44615820731855627,1.0,
orch_technical_20260803_015610_dc0a4bb3,CANBK,,2023-09-18,13.5483696493,buy,"{""template_name"": ""B5"", ""matched"": true, ""score"": 1.0, ""matched_conditions"": 2, ""total_conditions"": 2, ""feature__base_breakout_score"": 0.715274, ""feature__volume_ratio_21d"": 2.102808, ""feature__rsi_14"": 71.462863, ""feature__adx_14"": 30.058211}",2023-10-19,13.6102426604,signal,"{""template_name"": ""B5"", ""matched"": false}",31,1.6900708197968015,0.0005447313670609336,0.055152176424114296,-0.01586260241375718,1.0,
orch_technical_20260803_015610_dc0a4bb3,CONCOR,,2023-09-18,566.8524047903,buy,"{""template_name"": ""B5"", ""matched"": true, ""score"": 1.0, ""matched_conditions"": 2, ""total_conditions"": 2, ""feature__base_breakout_score"": 0.654919, ""feature__volume_ratio_21d"": 2.213435, ""feature__rsi_14"": 64.179181, ""feature__adx_14"": 25.280101}",2023-10-19,549.7462763511,signal,"{""template_name"": ""B5"", ""matched"": false}",31,-96.9303048084389,-0.034199486141122414,-0.303044131099774,-0.26217072050247187,1.0,
orch_technical_20260803_015610_dc0a4bb3,DBSTOCKBRO,,2023-10-19,43.35,buy,"{""template_name"": ""B5"", ""matched"": true, ""score"": 1.0, ""matched_conditions"": 2, ""total_conditions"": 2, ""feature__base_breakout_score"": 0.513262, ""feature__volume_ratio_21d"": 4.419004, ""feature__rsi_14"": 81.894861, ""feature__adx_14"": 44.290644}",2023-10-20,39.25,exit_model_urgent,,1,-299.20503817400004,-0.09860110007381777,-0.9999999999999998,-0.7187255508394047,1.0,
orch_technical_20260803_015610_dc0a4bb3,ALEMBICLTD,,2023-10-19,84.8889932911,buy,"{""template_name"": ""B5"", ""matched"": true, ""score"": 1.0, ""matched_conditions"": 2, ""total_conditions"": 2, ""feature__base_breakout_score"": 0.683104, ""feature__volume_ratio_21d"": 6.878, ""feature__rsi_14"": 72.574642, ""feature__adx_14"": 21.726306}",2023-10-23,74.3922261116,exit_model_urgent,,4,-379.3369482106468,-0.12767495643561252,-0.9999941706798651,-0.9248354407619105,1.0,
orch_technical_20260803_015610_dc0a4bb3,APCL,,2023-10-19,217.1,buy,"{""template_name"": ""B5"", ""matched"": true, ""score"": 1.0, ""matched_conditions"": 2, ""total_conditions"": 2, ""feature__base_breakout_score"": 0.841322, ""feature__volume_ratio_21d"": 15.439763, ""feature__rsi_14"": 75.625037, ""feature__adx_14"": 16.057477}",2023-10-23,197.1,exit_model_urgent,,4,-292.22474642479983,-0.09614553741685854,-0.9998529983361627,-0.7013176176562181,1.0,
orch_technical_20260803_015610_dc0a4bb3,APOLLO,,2023-10-19,76.7507327517,buy,"{""template_name"": ""B5"", ""matched"": true, ""score"": 1.0, ""matched_conditions"": 2, ""total_conditions"": 2, ""feature__base_breakout_score"": 0.524382, ""feature__volume_ratio_21d"": 2.440177, ""feature__rsi_14"": 76.394227, ""feature__adx_14"": 37.119701}",2023-10-23,67.9620997235,exit_model_urgent,,4,-354.7959299193949,-0.11853087534455152,-0.9999849594910807,-0.8600113760190693,1.0,
orch_technical_20260803_015610_dc0a4bb3,AVTNPL,,2023-10-19,91.6930693995,buy,"{""template_name"": ""B5"", ""matched"": true, ""score"": 1.0, ""matched_conditions"": 2, ""total_conditions"": 2, ""feature__base_breakout_score"": 0.865697, ""feature__volume_ratio_21d"": 3.720449, ""feature__rsi_14"": 76.409684, ""feature__adx_14"": 19.568695}",2023-10-23,84.6737391403,exit_model_urgent,,4,-243.80823126287714,-0.08057455452710009,-0.9993054491854649,-0.5909320695728671,1.0,
orch_technical_20260803_015610_dc0a4bb3,GKWLIMITED,,2023-10-19,1481.6,buy,"{""template_name"": ""B5"", ""matched"": true, ""score"": 1.0, ""matched_conditions"": 2, ""total_conditions"": 2, ""feature__base_breakout_score"": 0.59121, ""feature__volume_ratio_21d"": 4.472342, ""feature__rsi_14"": 89.149782, ""feature__adx_14"": 58.224886}",2023-10-23,1520.95,exit_model_urgent,,4,66.78173698560022,0.02253703326997848,9.952129394621377,0.1400448516214541,1.0,
orch_technical_20260803_015610_dc0a4bb3,CIGNITITEC,,2023-10-19,994.8225905673,buy,"{""template_name"": ""B5"", ""matched"": true, ""score"": 1.0, ""matched_conditions"": 2, ""total_conditions"": 2, ""feature__base_breakout_score"": 0.845946, ""feature__volume_ratio_21d"": 2.146241, ""feature__rsi_14"": 84.136269, ""feature__adx_14"": 44.434662}",2023-10-25,928.2550922761,exit_model_urgent,,6,-211.70629882242065,-0.07093603115093938,-0.9852434923191788,-0.5226028129598188,1.0,
orch_technical_20260803_015610_dc0a4bb3,AXITA,,2023-10-19,7.5248116499,buy,"{""template_name"": ""B5"", ""matched"": true, ""score"": 1.0, ""matched_conditions"": 2, ""total_conditions"": 2, ""feature__base_breakout_score"": 0.659429, ""feature__volume_ratio_21d"": 3.679028, ""feature__rsi_14"": 80.671757, ""feature__adx_14"": 20.487352}",2023-10-26,6.9336480183,exit_model_urgent,,7,-251.05736300078206,-0.08258400944119682,-0.9860075147245564,-0.6051774633037437,1.0,
orch_technical_20260803_015610_dc0a4bb3,DVL,,2023-10-19,283.1487114176,buy,"{""template_name"": ""B5"", ""matched"": true, ""score"": 1.0, ""matched_conditions"": 2, ""total_conditions"": 2, ""feature__base_breakout_score"": 0.669001, ""feature__volume_ratio_21d"": 4.062319, ""feature__rsi_14"": 69.0603, ""feature__adx_14"": 25.640633}",2023-10-26,271.0956938358,exit_model_urgent,,7,-131.91867748803088,-0.0465898915193972,-0.8966658253423766,-0.35000857237984817,1.0,
orch_technical_20260803_015610_dc0a4bb3,CUPID,,2023-10-19,0.0495,buy,"{""template_name"": ""B5"", ""matched"": true, ""score"": 1.0, ""matched_conditions"": 2, ""total_conditions"": 2, ""feature__base_breakout_score"": 0.72, ""feature__volume_ratio_21d"": 4.308026, ""feature__rsi_14"": 85.032404, ""feature__adx_14"": 72.258602}",2023-11-02,0.0689,exit_model_urgent,,14,1179.3388748197658,0.38789709991919186,5580.96717083023,2.730149245825739,1.0,
orch_technical_20260803_015610_dc0a4bb3,DRCSYSTEMS,,2023-11-20,6.2,buy,"{""template_name"": ""B5"", ""matched"": true, ""score"": 1.0, ""matched_conditions"": 2, ""total_conditions"": 2, ""feature__base_breakout_score"": 0.830617, ""feature__volume_ratio_21d"": 5.774006, ""feature__rsi_14"": 85.689848, ""feature__adx_14"": 33.071216}",2023-11-22,6.6933333333,exit_model_urgent,,2,227.17223600650004,0.07554780046774195,1181463.8943669044,0.5158478842799032,1.0,
orch_technical_20260803_015610_dc0a4bb3,GREENPOWER,,2023-11-20,23.1,buy,"{""template_name"": ""B5"", ""matched"": true, ""score"": 1.0, ""matched_conditions"": 2, ""total_conditions"": 2, ""feature__base_breakout_score"": 0.582252, ""feature__volume_ratio_21d"": 2.893531, ""feature__rsi_14"": 87.069391, ""feature__adx_14"": 55.033671}",2023-11-22,20.85,exit_model_urgent,,2,-304.57834227600006,-0.10142468940259743,-0.999999992550858,-0.7387424924689949,1.0,
orch_technical_20260803_015610_dc0a4bb3,BFINVEST,,2023-11-20,541.3402333152,buy,"{""template_name"": ""B5"", ""matched"": true, ""score"": 1.0, ""matched_conditions"": 2, ""total_conditions"": 2, ""feature__base_breakout_score"": 0.561922, ""feature__volume_ratio_21d"": 10.755172, ""feature__rsi_14"": 69.514013, ""feature__adx_14"": 14.667243}",2023-11-29,500.3496201845,exit_model_urgent,,9,-215.83966676197588,-0.0797427028248615,-0.9590567179452152,-0.5850349205793974,1.0,
orch_technical_20260803_015610_dc0a4bb3,DIAMONDYD,,2023-11-20,978.2076961771,buy,"{""template_name"": ""B5"", ""matched"": true, ""score"": 1.0, ""matched_conditions"": 2, ""total_conditions"": 2, ""feature__base_breakout_score"": 0.85081, ""feature__volume_ratio_21d"": 16.582353, ""feature__rsi_14"": 74.530021, ""feature__adx_14"": 17.49055}",2023-11-29,973.2102112676,exit_model_urgent,,9,-26.79577877589736,-0.009130909819600692,-0.18768272318618595,-0.08445499398012267,1.0,
orch_technical_20260803_015610_dc0a4bb3,GATEWAY,,2023-11-20,100.9004624021,buy,"{""template_name"": ""B5"", ""matched"": true, ""score"": 1.0, ""matched_conditions"": 2, ""total_conditions"": 2, ""feature__base_breakout_score"": 0.860999, ""feature__volume_ratio_21d"": 4.122946, ""feature__rsi_14"": 81.694566, ""feature__adx_14"": 26.944976}",2023-12-01,96.4212362675,exit_model_urgent,,11,-141.66665523948996,-0.048414615363765866,-0.778593148480967,-0.3629443737411018,1.0,
orch_technical_20260803_015610_dc0a4bb3,GOLDIAM,,2023-11-20,120.3535799381,buy,"{""template_name"": ""B5"", ""matched"": true, ""score"": 1.0, ""matched_conditions"": 2, ""total_conditions"": 2, ""feature__base_breakout_score"": 0.848918, ""feature__volume_ratio_21d"": 10.511288, ""feature__rsi_14"": 83.375459, ""feature__adx_14"": 28.291852}",2023-12-05,120.1718813649,exit_model_urgent,,15,-16.644293606009796,-0.005531798427456916,-0.036120631770810485,-0.058940234478579955,1.0,
orch_technical_20260803_015610_dc0a4bb3,AAATECH,,2023-11-20,76.8508017796,buy,"{""template_name"": ""B5"", ""matched"": true, ""score"": 1.0, ""matched_conditions"": 2, ""total_conditions"": 2, ""feature__base_breakout_score"": 0.618786, ""feature__volume_ratio_21d"": 5.932279, ""feature__rsi_14"": 75.616198, ""feature__adx_14"": 21.909327}",2023-12-07,71.1834826401,exit_model_urgent,,17,-233.08038524672156,-0.07776652938080028,-0.8071577992142926,-0.5710254652820096,1.0,
orch_technical_20260803_015610_dc0a4bb3,AHLUCONT,,2023-11-20,802.7123994536,buy,"{""template_name"": ""B5"", ""matched"": true, ""score"": 1.0, ""matched_conditions"": 2, ""total_conditions"": 2, ""feature__base_breakout_score"": 0.798141, ""feature__volume_ratio_21d"": 3.6298, ""feature__rsi_14"": 69.901962, ""feature__adx_14"": 25.069395}",2023-12-20,792.518591592,signal,"{""template_name"": ""B5"", ""matched"": false}",30,-40.267172945229504,-0.016721295187267175,-0.144101016650242,-0.1382646253248984,1.0,
orch_technical_20260803_015610_dc0a4bb3,ALOKINDS,,2023-11-20,21.1,buy,"{""template_name"": ""B5"", ""matched"": true, ""score"": 1.0, ""matched_conditions"": 2, ""total_conditions"": 2, ""feature__base_breakout_score"": 0.550813, ""feature__volume_ratio_21d"": 2.928845, ""feature__rsi_14"": 65.851553, ""feature__adx_14"": 22.301987}",2023-12-20,20.85,signal,"{""template_name"": ""B5"", ""matched"": false}",30,-47.550992050400055,-0.015870433232227504,-0.13507713374688957,-0.13223270916936128,1.0,
orch_technical_20260803_015610_dc0a4bb3,ARIES,,2023-11-20,204.4050318358,buy,"{""template_name"": ""B5"", ""matched"": true, ""score"": 1.0, ""matched_conditions"": 2, ""total_conditions"": 2, ""feature__base_breakout_score"": 0.703282, ""feature__volume_ratio_21d"": 2.776802, ""feature__rsi_14"": 74.531576, ""feature__adx_14"": 23.861135}",2023-12-20,190.8939337412,signal,"{""template_name"": ""B5"", ""matched"": false}",30,-200.6652751306915,-0.07012172747988182,-0.5650802453591908,-0.5168300651716817,1.0,
orch_technical_20260803_015610_dc0a4bb3,ARIHANTSUP,,2023-11-20,251.5313318777,buy,"{""template_name"": ""B5"", ""matched"": true, ""score"": 1.0, ""matched_conditions"": 2, ""total_conditions"": 2, ""feature__base_breakout_score"": 0.721239, ""feature__volume_ratio_21d"": 2.627595, ""feature__rsi_14"": 83.317718, ""feature__adx_14"": 34.882864}",2023-12-20,246.8484352256,signal,"{""template_name"": ""B5"", ""matched"": false}",30,-62.64036690774128,-0.022639640029272733,-0.2045165329033557,-0.1802208553044942,1.0,
orch_technical_20260803_015610_dc0a4bb3,CESC,,2023-11-20,88.6972240124,buy,"{""template_name"": ""B5"", ""matched"": true, ""score"": 1.0, ""matched_conditions"": 2, ""total_conditions"": 2, ""feature__base_breakout_score"": 0.779337, ""feature__volume_ratio_21d"": 2.709226, ""feature__rsi_14"": 72.848166, ""feature__adx_14"": 26.433912}",2023-12-20,105.0266103819,signal,"{""template_name"": ""B5"", ""matched"": false}",30,527.0970531544581,0.18008047210298847,6.8255521495468,1.2568991289423816,1.0,
orch_technical_20260803_015610_dc0a4bb3,CSLFINANCE,,2023-11-20,396.8265029636,buy,"{""template_name"": ""B5"", ""matched"": true, ""score"": 1.0, ""matched_conditions"": 2, ""total_conditions"": 2, ""feature__base_breakout_score"": 0.800005, ""feature__volume_ratio_21d"": 2.99326, ""feature__rsi_14"": 68.314081, ""feature__adx_14"": 25.965217}",2023-12-20,429.9366215072,signal,"{""template_name"": ""B5"", ""matched"": false}",30,220.59832088449502,0.07941517415113995,1.6529917219070236,0.543264404271445,1.0,
orch_technical_20260803_015610_dc0a4bb3,GLAXO,,2023-11-20,1559.4860467203,buy,"{""template_name"": ""B5"", ""matched"": true, ""score"": 1.0, ""matched_conditions"": 2, ""total_conditions"": 2, ""feature__base_breakout_score"": 0.687851, ""feature__volume_ratio_21d"": 3.581263, ""feature__rsi_14"": 74.537621, ""feature__adx_14"": 31.966246}",2023-12-20,1596.8183229077,signal,"{""template_name"": ""B5"", ""matched"": false}",30,31.05987983477462,0.019916741095629267,0.33378589599226527,0.12146912073459422,1.0,
orch_technical_20260803_015610_dc0a4bb3,GOCOLORS,,2023-11-20,1221.65,buy,"{""template_name"": ""B5"", ""matched"": true, ""score"": 1.0, ""matched_conditions"": 2, ""total_conditions"": 2, ""feature__base_breakout_score"": 0.542772, ""feature__volume_ratio_21d"": 12.319897, ""feature__rsi_14"": 37.811355, ""feature__adx_14"": 17.737078}",2023-12-20,1286.05,signal,"{""template_name"": ""B5"", ""matched"": false}",30,118.97282261639975,0.04869349757148109,0.8691195820771056,0.3254728151794284,1.0,
orch_technical_20260803_015610_dc0a4bb3,GALLANTT,,2023-12-20,123.1855725627,buy,"{""template_name"": ""B5"", ""matched"": true, ""score"": 1.0, ""matched_conditions"": 2, ""total_conditions"": 2, ""feature__base_breakout_score"": 0.748138, ""feature__volume_ratio_21d"": 5.729043, ""feature__rsi_14"": 79.978124, ""feature__adx_14"": 49.082339}",2023-12-26,168.8577678829,exit_model_urgent,,6,1084.241558742723,0.36673719717693165,217526866.56739473,2.5801428218169438,1.0,
orch_technical_20260803_015610_dc0a4bb3,ARTNIRMAN,,2023-12-20,63.25,buy,"{""template_name"": ""B5"", ""matched"": true, ""score"": 1.0, ""matched_conditions"": 2, ""total_conditions"": 2, ""feature__base_breakout_score"": 0.825215, ""feature__volume_ratio_21d"": 4.777098, ""feature__rsi_14"": 71.317224, ""feature__adx_14"": 18.341665}",2023-12-28,57.2,exit_model_urgent,,8,-296.306673993,-0.09967426591304349,-0.9898505473053887,-0.7263334199242251,1.0,
orch_technical_20260803_015610_dc0a4bb3,GEEKAYWIRE,,2023-12-20,4.8566014435,buy,"{""template_name"": ""B5"", ""matched"": true, ""score"": 1.0, ""matched_conditions"": 2, ""total_conditions"": 2, ""feature__base_breakout_score"": 0.64793, ""feature__volume_ratio_21d"": 2.519009, ""feature__rsi_14"": 75.233914, ""feature__adx_14"": 39.279393}",2023-12-28,4.4491717469,exit_model_urgent,,8,-264.29034114170236,-0.08791402781970725,-0.9816924891397482,-0.6429629392863285,1.0,
orch_technical_20260803_015610_dc0a4bb3,BAGFILMS,,2023-12-20,8.25,buy,"{""template_name"": ""B5"", ""matched"": true, ""score"": 1.0, ""matched_conditions"": 2, ""total_conditions"": 2, ""feature__base_breakout_score"": 0.72, ""feature__volume_ratio_21d"": 5.332333, ""feature__rsi_14"": 67.369581, ""feature__adx_14"": 47.044145}",2024-01-03,13.2,exit_model_urgent,,14,1789.7216577240006,0.5959779080000002,211515.64415558474,4.205272184964934,1.0,
orch_technical_20260803_015610_dc0a4bb3,CLEDUCATE,,2023-12-20,102.7,buy,"{""template_name"": ""B5"", ""matched"": true, ""score"": 1.0, ""matched_conditions"": 2, ""total_conditions"": 2, ""feature__base_breakout_score"": 0.735289, ""feature__volume_ratio_21d"": 10.422769, ""feature__rsi_14"": 77.159427, ""feature__adx_14"": 25.568496}",2024-01-08,102.85,exit_model_urgent,,19,-7.628996603600626,-0.002561527248296218,0.02845425429604198,-0.03788343836049486,1.0,
orch_technical_20260803_015610_dc0a4bb3,COFFEEDAY,,2023-12-20,59.75,buy,"{""template_name"": ""B5"", ""matched"": true, ""score"": 1.0, ""matched_conditions"": 2, ""total_conditions"": 2, ""feature__base_breakout_score"": 0.845619, ""feature__volume_ratio_21d"": 3.034662, ""feature__rsi_14"": 69.52657, ""feature__adx_14"": 37.412029}",2024-01-08,60.75,exit_model_urgent,,19,37.984000150000156,0.01271430967364022,0.37585123973346035,0.0704097659284222,1.0,
orch_technical_20260803_015610_dc0a4bb3,CASTROLIND,,2023-12-20,131.0964463209,buy,"{""template_name"": ""B5"", ""matched"": true, ""score"": 1.0, ""matched_conditions"": 2, ""total_conditions"": 2, ""feature__base_breakout_score"": 0.58581, ""feature__volume_ratio_21d"": 2.229762, ""feature__rsi_14"": 56.46885, ""feature__adx_14"": 22.640439}",2024-01-12,160.1539060725,exit_model_urgent,,23,627.6639112397347,0.21762739253654273,23.02979502252001,1.523076121123519,1.0,
orch_technical_20260803_015610_dc0a4bb3,CONSOFINVT,,2023-12-20,301.05,buy,"{""template_name"": ""B5"", ""matched"": true, ""score"": 1.0, ""matched_conditions"": 2, ""total_conditions"": 2, ""feature__base_breakout_score"": 0.544113, ""feature__volume_ratio_21d"": 2.174089, ""feature__rsi_14"": 69.51263, ""feature__adx_14"": 65.258772}",2024-01-15,306.95,exit_model_urgent,,26,42.202342830599264,0.015575981409732329,0.3134432928204425,0.09069668071470276,1.0,
orch_technical_20260803_015610_dc0a4bb3,GREENPLY,,2023-12-20,223.4964223661,buy,"{""template_name"": ""B5"", ""matched"": true, ""score"": 1.0, ""matched_conditions"": 2, ""total_conditions"": 2, ""feature__base_breakout_score"": 0.72, ""feature__volume_ratio_21d"": 2.936592, ""feature__rsi_14"": 66.119301, ""feature__adx_14"": 41.834755}",2024-01-17,238.4228084031,exit_model_urgent,,28,182.35701723944476,0.06276370205870625,1.3241136215644032,0.4252190704391867,1.0,
orch_technical_20260803_015610_dc0a4bb3,BLAL,,2023-12-20,185.8,buy,"{""template_name"": ""B5"", ""matched"": true, ""score"": 1.0, ""matched_conditions"": 2, ""total_conditions"": 2, ""feature__base_breakout_score"": 0.879059, ""feature__volume_ratio_21d"": 2.662238, ""feature__rsi_14"": 65.551088, ""feature__adx_14"": 39.120985}",2024-01-19,204.4,signal,"{""template_name"": ""B5"", ""matched"": false}",30,285.6431249023999,0.09608555062648005,2.195018215256374,0.661443754734707,1.0,
orch_technical_20260803_015610_dc0a4bb3,EMAMIPAP,,2023-12-20,123.8753175421,buy,"{""template_name"": ""B5"", ""matched"": true, ""score"": 1.0, ""matched_conditions"": 2, ""total_conditions"": 2, ""feature__base_breakout_score"": 0.530305, ""feature__volume_ratio_21d"": 4.226249, ""feature__rsi_14"": 37.127774, ""feature__adx_14"": 11.196605}",2024-01-19,130.5326295915,signal,"{""template_name"": ""B5"", ""matched"": false}",30,147.81777901719488,0.049719946216268976,0.891429587642449,0.3327494975209683,1.0,
orch_technical_20260803_015610_dc0a4bb3,CREST,,2024-01-19,349.6614971809,buy,"{""template_name"": ""B5"", ""matched"": true, ""score"": 1.0, ""matched_conditions"": 2, ""total_conditions"": 2, ""feature__base_breakout_score"": 0.791751, ""feature__volume_ratio_21d"": 3.852345, ""feature__rsi_14"": 73.445454, ""feature__adx_14"": 21.92354}",2024-01-23,315.1780166705,exit_model_urgent,,4,-287.1188097673544,-0.10264170207551165,-0.9999236961619473,-0.7473701180900071,1.0,
orch_technical_20260803_015610_dc0a4bb3,DBCORP,,2024-01-19,293.1181491609,buy,"{""template_name"": ""B5"", ""matched"": true, ""score"": 1.0, ""matched_conditions"": 2, ""total_conditions"": 2, ""feature__base_breakout_score"": 0.568711, ""feature__volume_ratio_21d"": 3.010785, ""feature__rsi_14"": 73.133457, ""feature__adx_14"": 29.084313}",2024-01-29,290.7481626001,exit_model_urgent,,10,-35.48934723594857,-0.012107522968994857,-0.25659978884717327,-0.10555674948613503,1.0,
orch_technical_20260803_015610_dc0a4bb3,ALBERTDAVD,,2024-01-19,1209.6409591592,buy,"{""template_name"": ""B5"", ""matched"": true, ""score"": 1.0, ""matched_conditions"": 2, ""total_conditions"": 2, ""feature__base_breakout_score"": 0.524029, ""feature__volume_ratio_21d"": 4.815553, ""feature__rsi_14"": 79.012453, ""feature__adx_14"": 32.960773}",2024-02-01,1365.6163425033,exit_model_urgent,,13,302.22019223878715,0.12492144464455594,29.191649374906163,0.8658666860419103,1.0,
orch_technical_20260803_015610_dc0a4bb3,BLBLIMITED,,2024-01-19,26.8,buy,"{""template_name"": ""B5"", ""matched"": true, ""score"": 1.0, ""matched_conditions"": 2, ""total_conditions"": 2, ""feature__base_breakout_score"": 0.804363, ""feature__volume_ratio_21d"": 6.026533, ""feature__rsi_14"": 75.293997, ""feature__adx_14"": 36.800988}",2024-02-02,37.4,exit_model_urgent,,14,1217.0961203903998,0.39150029605970144,5970.451946060718,2.7556929628561884,1.0,
orch_technical_20260803_015610_dc0a4bb3,CINELINE,,2023-08-18,111.4,buy,"{""template_name"": ""B5"", ""matched"": true, ""score"": 1.0, ""matched_conditions"": 2, ""total_conditions"": 2, ""feature__base_breakout_score"": 0.617491, ""feature__volume_ratio_21d"": 3.583232, ""feature__rsi_14"": 76.252337, ""feature__adx_14"": 32.133163}",2024-02-05,159.95,exit_model_urgent,,171,1250.6504127311996,0.43179478412208244,1.1654993923693433,3.0413479649196433,1.0,
orch_technical_20260803_015610_dc0a4bb3,DEVIT,,2023-12-20,63.2982382484,buy,"{""template_name"": ""B5"", ""matched"": true, ""score"": 1.0, ""matched_conditions"": 2, ""total_conditions"": 2, ""feature__base_breakout_score"": 0.845831, ""feature__volume_ratio_21d"": 4.357679, ""feature__rsi_14"": 65.764359, ""feature__adx_14"": 32.51011}",2024-02-05,61.8039455608,exit_model_urgent,,47,-82.19754918782974,-0.027629268581060077,-0.16944244913239337,-0.21559324549468903,1.0,
orch_technical_20260803_015610_dc0a4bb3,APOLLOPIPE,,2024-01-19,725.3783185806,buy,"{""template_name"": ""B5"", ""matched"": true, ""score"": 1.0, ""matched_conditions"": 2, ""total_conditions"": 2, ""feature__base_breakout_score"": 0.598623, ""feature__volume_ratio_21d"": 7.644453, ""feature__rsi_14"": 68.023167, ""feature__adx_14"": 14.512059}",2024-02-05,669.044052895,exit_model_urgent,,17,-237.00721607094556,-0.08168400198902921,-0.8239425444267079,-0.598797145722638,1.0,
orch_technical_20260803_015610_dc0a4bb3,GICHSGFIN,,2024-01-19,245.4548413323,buy,"{""template_name"": ""B5"", ""matched"": true, ""score"": 1.0, ""matched_conditions"": 2, ""total_conditions"": 2, ""feature__base_breakout_score"": 0.607195, ""feature__volume_ratio_21d"": 4.435366, ""feature__rsi_14"": 72.09502, ""feature__adx_14"": 32.346332}",2024-02-06,236.9055006464,exit_model_urgent,,18,-114.43899167500695,-0.03885269725306889,-0.5129425301172774,-0.29515818587805803,1.0,
orch_technical_20260803_015610_dc0a4bb3,DIAMONDYD,,2024-01-19,1307.5419517103,buy,"{""template_name"": ""B5"", ""matched"": true, ""score"": 1.0, ""matched_conditions"": 2, ""total_conditions"": 2, ""feature__base_breakout_score"": 0.713452, ""feature__volume_ratio_21d"": 5.106365, ""feature__rsi_14"": 68.545333, ""feature__adx_14"": 40.471602}",2024-02-09,1248.3717303823,exit_model_urgent,,21,-128.8585507032767,-0.049275111416014705,-0.5531106928382061,-0.3690445877753439,1.0,
orch_technical_20260803_015610_dc0a4bb3,EIHAHOTELS,,2024-01-19,150.8687315596,buy,"{""template_name"": ""B5"", ""matched"": true, ""score"": 1.0, ""matched_conditions"": 2, ""total_conditions"": 2, ""feature__base_breakout_score"": 0.773961, ""feature__volume_ratio_21d"": 2.536039, ""feature__rsi_14"": 84.63245, ""feature__adx_14"": 37.713791}",2024-02-09,179.1946683111,exit_model_urgent,,21,554.3825766648797,0.18373011124769525,18.938658805116297,1.2827720889313037,1.0,
orch_technical_20260803_015610_dc0a4bb3,AGARIND,,2024-01-19,1062.4731345395,buy,"{""template_name"": ""B5"", ""matched"": true, ""score"": 1.0, ""matched_conditions"": 2, ""total_conditions"": 2, ""feature__base_breakout_score"": 0.70065, ""feature__volume_ratio_21d"": 2.091484, ""feature__rsi_14"": 69.496667, ""feature__adx_14"": 24.162649}",2024-02-12,1010.9324767991,exit_model_urgent,,24,-111.62804487009271,-0.052532172928059416,-0.5308207604069435,-0.39213449306222975,1.0,
orch_technical_20260803_015610_dc0a4bb3,GSLSU,,2024-01-19,293.95,buy,"{""template_name"": ""B5"", ""matched"": true, ""score"": 1.0, ""matched_conditions"": 2, ""total_conditions"": 2, ""feature__base_breakout_score"": 0.74789, ""feature__volume_ratio_21d"": 2.198573, ""feature__rsi_14"": 82.961871, ""feature__adx_14"": 37.801462}",2024-02-13,292.95,exit_model_urgent,,25,-21.82293943400009,-0.007424031105290046,-0.04856800361703728,-0.0723546183182296,1.0,
orch_technical_20260803_015610_dc0a4bb3,BHARTIARTL,,2024-01-19,1095.7005268633,buy,"{""template_name"": ""B5"", ""matched"": true, ""score"": 1.0, ""matched_conditions"": 2, ""total_conditions"": 2, ""feature__base_breakout_score"": 0.60499, ""feature__volume_ratio_21d"": 2.596565, ""feature__rsi_14"": 76.580952, ""feature__adx_14"": 34.72757}",2024-02-20,1114.1569935158,signal,"{""template_name"": ""B5"", ""matched"": false}",32,28.098916658014787,0.012822352444446903,0.2100506433089555,0.0711757009086593,1.0,
orch_technical_20260803_015610_dc0a4bb3,DCMSRIND,,2024-01-19,53.1665911789,buy,"{""template_name"": ""B5"", ""matched"": true, ""score"": 1.0, ""matched_conditions"": 2, ""total_conditions"": 2, ""feature__base_breakout_score"": 0.527935, ""feature__volume_ratio_21d"": 2.667466, ""feature__rsi_14"": 69.416388, ""feature__adx_14"": 33.471033}",2024-02-20,62.1613700744,signal,"{""template_name"": ""B5"", ""matched"": false}",32,509.2944025182205,0.1651589424814757,4.953970433561178,1.1511176739646094,1.0,
orch_technical_20260803_015610_dc0a4bb3,FDC,,2024-01-19,432.0376825964,buy,"{""template_name"": ""B5"", ""matched"": true, ""score"": 1.0, ""matched_conditions"": 2, ""total_conditions"": 2, ""feature__base_breakout_score"": 0.553922, ""feature__volume_ratio_21d"": 2.517278, ""feature__rsi_14"": 70.290615, ""feature__adx_14"": 31.965774}",2024-02-20,439.7090144407,signal,"{""template_name"": ""B5"", ""matched"": false}",32,41.535455762013044,0.013734071763766741,0.2224923224117017,0.07763904605994677,1.0,
orch_technical_20260803_015610_dc0a4bb3,FILATEX,,2024-01-19,57.016074528,buy,"{""template_name"": ""B5"", ""matched"": true, ""score"": 1.0, ""matched_conditions"": 2, ""total_conditions"": 2, ""feature__base_breakout_score"": 0.668947, ""feature__volume_ratio_21d"": 4.892523, ""feature__rsi_14"": 78.084779, ""feature__adx_14"": 20.11157}",2024-02-20,70.0667512911,signal,"{""template_name"": ""B5"", ""matched"": false}",32,692.3530547569549,0.22487259903473542,9.51298429240333,1.574438716275177,1.0,
orch_technical_20260803_015610_dc0a4bb3,AIROLAM,,2024-02-20,190.3,buy,"{""template_name"": ""B5"", ""matched"": true, ""score"": 1.0, ""matched_conditions"": 2, ""total_conditions"": 2, ""feature__base_breakout_score"": 0.682369, ""feature__volume_ratio_21d"": 9.650803, ""feature__rsi_14"": 73.016565, ""feature__adx_14"": 33.735654}",2024-02-21,174.6,exit_model_urgent,,1,-263.44646572160036,-0.08652340571518666,-0.999999999999978,-0.6331045646242324,1.0,
orch_technical_20260803_015610_dc0a4bb3,AARTECH,,2024-02-20,57.8847866279,buy,"{""template_name"": ""B5"", ""matched"": true, ""score"": 1.0, ""matched_conditions"": 2, ""total_conditions"": 2, ""feature__base_breakout_score"": 0.795196, ""feature__volume_ratio_21d"": 4.927381, ""feature__rsi_14"": 71.836529, ""feature__adx_14"": 17.272594}",2024-02-23,54.6255455537,exit_model_urgent,,3,-192.06324562797772,-0.06032775129440717,-0.9991375837384513,-0.44739877513667753,1.0,
orch_technical_20260803_015610_dc0a4bb3,AVTNPL,,2024-02-20,108.578731002,buy,"{""template_name"": ""B5"", ""matched"": true, ""score"": 1.0, ""matched_conditions"": 2, ""total_conditions"": 2, ""feature__base_breakout_score"": 0.847936, ""feature__volume_ratio_21d"": 6.053945, ""feature__rsi_14"": 74.7903, ""feature__adx_14"": 18.889703}",2024-02-27,100.1676859157,exit_model_urgent,,7,-256.5850032173653,-0.0814870338783966,-0.9851113040881837,-0.5974008027299664,1.0,
orch_technical_20260803_015610_dc0a4bb3,ACI,,2024-02-20,731.7770527225,buy,"{""template_name"": ""B5"", ""matched"": true, ""score"": 1.0, ""matched_conditions"": 2, ""total_conditions"": 2, ""feature__base_breakout_score"": 0.844152, ""feature__volume_ratio_21d"": 2.139759, ""feature__rsi_14"": 77.870716, ""feature__adx_14"": 18.652991}",2024-02-28,744.2395665622,exit_model_urgent,,8,38.076956840644925,0.013008387151176574,1.161929333904331,0.0724945349996265,1.0,
orch_technical_20260803_015610_dc0a4bb3,ENIL,,2024-02-20,336.1800661603,buy,"{""template_name"": ""B5"", ""matched"": true, ""score"": 1.0, ""matched_conditions"": 2, ""total_conditions"": 2, ""feature__base_breakout_score"": 0.587273, ""feature__volume_ratio_21d"": 2.491724, ""feature__rsi_14"": 73.872037, ""feature__adx_14"": 43.36011}",2024-03-06,308.5231193335,exit_model_urgent,,15,-261.0818458331655,-0.0862903452688075,-0.8763686411787752,-0.6314523564564978,1.0,
orch_technical_20260803_015610_dc0a4bb3,FAIRCHEMOR,,2024-02-20,1426.2894199003,buy,"{""template_name"": ""B5"", ""matched"": true, ""score"": 1.0, ""matched_conditions"": 2, ""total_conditions"": 2, ""feature__base_breakout_score"": 0.753671, ""feature__volume_ratio_21d"": 3.3919, ""feature__rsi_14"": 74.157461, ""feature__adx_14"": 21.493461}",2024-03-06,1341.0804725825,exit_model_urgent,,15,-181.89122916653105,-0.06376378686846235,-0.7768644395089013,-0.4717574603116156,1.0,
orch_technical_20260803_015610_dc0a4bb3,GRPLTD,,2024-02-20,94.401717569,buy,"{""template_name"": ""B5"", ""matched"": true, ""score"": 1.0, ""matched_conditions"": 2, ""total_conditions"": 2, ""feature__base_breakout_score"": 0.808941, ""feature__volume_ratio_21d"": 12.920386, ""feature__rsi_14"": 78.550543, ""feature__adx_14"": 21.900903}",2024-03-07,89.7897205251,exit_model_urgent,,16,-169.71744085529872,-0.052877103992011905,-0.6812769366328806,-0.39457977251664444,1.0,
orch_technical_20260803_015610_dc0a4bb3,EMUDHRA,,2024-02-20,555.6488158916,buy,"{""template_name"": ""B5"", ""matched"": true, ""score"": 1.0, ""matched_conditions"": 2, ""total_conditions"": 2, ""feature__base_breakout_score"": 0.716082, ""feature__volume_ratio_21d"": 4.052717, ""feature__rsi_14"": 73.748294, ""feature__adx_14"": 28.28646}",2024-03-20,614.0412241555,signal,"{""template_name"": ""B5"", ""matched"": false}",29,280.78768803346475,0.10106660178260611,2.520298099605216,0.6967553381969064,1.0,
orch_technical_20260803_015610_dc0a4bb3,EMKAY,,2023-12-20,137.965266981,buy,"{""template_name"": ""B5"", ""matched"": true, ""score"": 1.0, ""matched_conditions"": 2, ""total_conditions"": 2, ""feature__base_breakout_score"": 0.656362, ""feature__volume_ratio_21d"": 6.105083, ""feature__rsi_14"": 74.669558, ""feature__adx_14"": 48.685533}",2024-04-01,122.3653052122,exit_model_urgent,,103,-339.2522860734457,-0.11709375206461894,-0.34655857442248517,-0.8498233460121105,1.0,
orch_technical_20260803_015610_dc0a4bb3,DPABHUSHAN,,2024-03-20,874.8,buy,"{""template_name"": ""B5"", ""matched"": true, ""score"": 1.0, ""matched_conditions"": 2, ""total_conditions"": 2, ""feature__base_breakout_score"": 0.594927, ""feature__volume_ratio_21d"": 5.818353, ""feature__rsi_14"": 69.564918, ""feature__adx_14"": 24.870746}",2024-04-19,1025.05,exit_model_urgent,,30,440.1944217552,0.16773145166712394,5.887817880602692,1.1693546624975562,1.0,
orch_technical_20260803_015610_dc0a4bb3,GLOBE,,2023-09-18,4.3,buy,"{""template_name"": ""B5"", ""matched"": true, ""score"": 1.0, ""matched_conditions"": 2, ""total_conditions"": 2, ""feature__base_breakout_score"": 0.905657, ""feature__volume_ratio_21d"": 2.631796, ""feature__rsi_14"": 83.587643, ""feature__adx_14"": 35.956693}",2024-04-22,3.75,exit_model_urgent,,217,-409.0196918275997,-0.13192906874418595,-0.20575126721864667,-0.9549936216625442,1.0,
orch_technical_20260803_015610_dc0a4bb3,ADROITINFO,,2024-04-24,20.2,buy,"{""template_name"": ""B5"", ""matched"": true, ""score"": 1.0, ""matched_conditions"": 2, ""total_conditions"": 2, ""feature__base_breakout_score"": 0.531516, ""feature__volume_ratio_21d"": 2.631434, ""feature__rsi_14"": 87.07591, ""feature__adx_14"": 27.882439}",2024-05-02,20.1,exit_model_urgent,,8,-28.455662568799653,-0.00897258704950484,-0.20274631495018924,-0.08333261488081738,1.0,
orch_technical_20260803_015610_dc0a4bb3,DENORA,,2024-04-24,1888.35,buy,"{""template_name"": ""B5"", ""matched"": true, ""score"": 1.0, ""matched_conditions"": 2, ""total_conditions"": 2, ""feature__base_breakout_score"": 0.507371, ""feature__volume_ratio_21d"": 6.126769, ""feature__rsi_14"": 70.802955, ""feature__adx_14"": 23.84284}",2024-05-02,1628.1,exit_model_urgent,,8,-267.84511742819996,-0.14184082263785844,-0.9988527109806373,-1.025259859431,1.0,
orch_technical_20260803_015610_dc0a4bb3,AEGISLOG,,2024-04-24,593.5317733595,buy,"{""template_name"": ""B5"", ""matched"": true, ""score"": 1.0, ""matched_conditions"": 2, ""total_conditions"": 2, ""feature__base_breakout_score"": 0.72, ""feature__volume_ratio_21d"": 5.010863, ""feature__rsi_14"": 79.608048, ""feature__adx_14"": 44.613947}",2024-05-03,616.212640133,exit_model_urgent,,9,101.46813688062502,0.034191307503656135,3.581057286784956,0.22266413506080165,1.0,
orch_technical_20260803_015610_dc0a4bb3,360ONE,,2024-04-24,782.418906674,buy,"{""template_name"": ""B5"", ""matched"": true, ""score"": 1.0, ""matched_conditions"": 2, ""total_conditions"": 2, ""feature__base_breakout_score"": 0.518955, ""feature__volume_ratio_21d"": 5.743226, ""feature__rsi_14"": 68.472465, ""feature__adx_14"": 37.670333}",2024-05-06,752.0443473264,exit_model_urgent,,12,-134.0860806911287,-0.0428434434378375,-0.7003596833027907,-0.3234493161160194,1.0,
orch_technical_20260803_015610_dc0a4bb3,BDL,,2024-04-24,508.1641279298,buy,"{""template_name"": ""B5"", ""matched"": true, ""score"": 1.0, ""matched_conditions"": 2, ""total_conditions"": 2, ""feature__base_breakout_score"": 0.557119, ""feature__volume_ratio_21d"": 3.886466, ""feature__rsi_14"": 75.748751, ""feature__adx_14"": 12.753714}",2024-05-06,473.1866550937,exit_model_urgent,,12,-222.12813425840022,-0.07285314660157921,-0.8858950526814151,-0.5361935953308616,1.0,
orch_technical_20260803_015610_dc0a4bb3,CHENNPETRO,,2024-04-24,1011.0089398944,buy,"{""template_name"": ""B5"", ""matched"": true, ""score"": 1.0, ""matched_conditions"": 2, ""total_conditions"": 2, ""feature__base_breakout_score"": 0.727186, ""feature__volume_ratio_21d"": 9.763485, ""feature__rsi_14"": 71.9669, ""feature__adx_14"": 15.415421}",2024-05-06,913.9050579929,exit_model_urgent,,12,-303.51075861173285,-0.1000686036279213,-0.9537409761886871,-0.729128952171284,1.0,
orch_technical_20260803_015610_dc0a4bb3,CHAMBLFERT,,2024-04-24,387.701025819,buy,"{""template_name"": ""B5"", ""matched"": true, ""score"": 1.0, ""matched_conditions"": 2, ""total_conditions"": 2, ""feature__base_breakout_score"": 0.610853, ""feature__volume_ratio_21d"": 7.263885, ""feature__rsi_14"": 68.244105, ""feature__adx_14"": 16.286652}",2024-05-07,375.0250723393,exit_model_urgent,,13,-113.8825813923072,-0.03671726852918936,-0.6070061484365297,-0.28001974074924,1.0,
orch_technical_20260803_015610_dc0a4bb3,GRSE,,2024-04-24,971.1297468202,buy,"{""template_name"": ""B5"", ""matched"": true, ""score"": 1.0, ""matched_conditions"": 2, ""total_conditions"": 2, ""feature__base_breakout_score"": 0.599596, ""feature__volume_ratio_21d"": 2.454839, ""feature__rsi_14"": 71.367967, ""feature__adx_14"": 24.28993}",2024-05-07,901.8655998633,exit_model_urgent,,13,-219.51036042764235,-0.07534535975458545,-0.8749401620343978,-0.5538613505896562,1.0,
orch_technical_20260803_015610_dc0a4bb3,EXCELINDUS,,2024-04-24,915.0018095976,buy,"{""template_name"": ""B5"", ""matched"": true, ""score"": 1.0, ""matched_conditions"": 2, ""total_conditions"": 2, ""feature__base_breakout_score"": 0.590649, ""feature__volume_ratio_21d"": 2.54568, ""feature__rsi_14"": 64.46065, ""feature__adx_14"": 37.64008}",2024-05-09,941.2193440785,exit_model_urgent,,15,67.61193906759627,0.024630894481447597,0.9895163079095344,0.15488861704556944,1.0,
orch_technical_20260803_015610_dc0a4bb3,FMGOETZE,,2024-04-24,387.65,buy,"{""template_name"": ""B5"", ""matched"": true, ""score"": 1.0, ""matched_conditions"": 2, ""total_conditions"": 2, ""feature__base_breakout_score"": 0.576798, ""feature__volume_ratio_21d"": 2.133384, ""feature__rsi_14"": 68.819103, ""feature__adx_14"": 31.550845}",2024-05-09,353.75,exit_model_urgent,,15,-283.67331171039996,-0.09147211134734941,-0.8922915747042369,-0.6681868447459803,1.0,
orch_technical_20260803_015610_dc0a4bb3,CELLO,,2024-04-24,947.504690258,buy,"{""template_name"": ""B5"", ""matched"": true, ""score"": 1.0, ""matched_conditions"": 2, ""total_conditions"": 2, ""feature__base_breakout_score"": 0.55126, ""feature__volume_ratio_21d"": 3.647614, ""feature__rsi_14"": 79.352412, ""feature__adx_14"": 20.743502}",2024-05-10,870.0006220055,exit_model_urgent,,16,-243.94505786144828,-0.0858201760088468,-0.8574561531277073,-0.6281192405048489,1.0,
orch_technical_20260803_015610_dc0a4bb3,GEOJITFSL,,2024-04-24,89.9067402169,buy,"{""template_name"": ""B5"", ""matched"": true, ""score"": 1.0, ""matched_conditions"": 2, ""total_conditions"": 2, ""feature__base_breakout_score"": 0.72, ""feature__volume_ratio_21d"": 8.188897, ""feature__rsi_14"": 76.725822, ""feature__adx_14"": 35.571302}",2024-05-13,93.4688139181,exit_model_urgent,,19,112.0161182219631,0.03559755934767968,1.1105209973909003,0.232633311807368,1.0,
orch_technical_20260803_015610_dc0a4bb3,ABSLAMC,,2024-04-24,537.432499281,buy,"{""template_name"": ""B5"", ""matched"": true, ""score"": 1.0, ""matched_conditions"": 2, ""total_conditions"": 2, ""feature__base_breakout_score"": 0.595533, ""feature__volume_ratio_21d"": 4.093458, ""feature__rsi_14"": 75.205183, ""feature__adx_14"": 24.329105}",2024-05-21,501.4833477135,exit_model_urgent,,27,-190.5537726169905,-0.07091263474833451,-0.6080282442893306,-0.5224369515788769,1.0,
orch_technical_20260803_015610_dc0a4bb3,ARE&M,,2024-04-24,1105.8512138151,buy,"{""template_name"": ""B5"", ""matched"": true, ""score"": 1.0, ""matched_conditions"": 2, ""total_conditions"": 2, ""feature__base_breakout_score"": 0.742429, ""feature__volume_ratio_21d"": 2.067791, ""feature__rsi_14"": 79.388345, ""feature__adx_14"": 38.862418}",2024-05-24,1180.8398891717,signal,"{""template_name"": ""B5"", ""matched"": false}",30,141.08168007264794,0.06378872596518984,1.2228916875551166,0.432485652550079,1.0,
orch_technical_20260803_015610_dc0a4bb3,ESTER,,2024-04-24,118.4829015544,buy,"{""template_name"": ""B5"", ""matched"": true, ""score"": 1.0, ""matched_conditions"": 2, ""total_conditions"": 2, ""feature__base_breakout_score"": 0.72, ""feature__volume_ratio_21d"": 3.295045, ""feature__rsi_14"": 74.561164, ""feature__adx_14"": 20.036255}",2024-05-24,121.4176165803,signal,"{""template_name"": ""B5"", ""matched"": false}",30,63.91231328095273,0.020747009595242075,0.3470131055484249,0.12735504611483353,1.0,
orch_technical_20260803_015610_dc0a4bb3,GILLANDERS,,2024-01-19,146.05,buy,"{""template_name"": ""B5"", ""matched"": true, ""score"": 1.0, ""matched_conditions"": 2, ""total_conditions"": 2, ""feature__base_breakout_score"": 0.617733, ""feature__volume_ratio_21d"": 2.524336, ""feature__rsi_14"": 75.185358, ""feature__adx_14"": 30.2158}",2024-05-27,79.3,exit_model_urgent,,129,-1414.0859572686002,-0.4610573538966108,-0.8225673187008465,-3.2882442843538486,1.0,
orch_technical_20260803_015610_dc0a4bb3,AFFLE,,2024-05-24,1227.8,buy,"{""template_name"": ""B5"", ""matched"": true, ""score"": 1.0, ""matched_conditions"": 2, ""total_conditions"": 2, ""feature__base_breakout_score"": 0.796738, ""feature__volume_ratio_21d"": 3.016064, ""feature__rsi_14"": 71.241645, ""feature__adx_14"": 22.926063}",2024-05-30,1156.45,exit_model_urgent,,6,-152.57664911519987,-0.062134162369767015,-0.973866160934793,-0.4602047539261466,1.0,
orch_technical_20260803_015610_dc0a4bb3,ARIHANTCAP,,2024-05-24,70.7243813016,buy,"{""template_name"": ""B5"", ""matched"": true, ""score"": 1.0, ""matched_conditions"": 2, ""total_conditions"": 2, ""feature__base_breakout_score"": 0.739047, ""feature__volume_ratio_21d"": 8.733174, ""feature__rsi_14"": 69.531834, ""feature__adx_14"": 24.594951}",2024-05-31,64.3537121907,exit_model_urgent,,7,-292.8256794820777,-0.0940995022742966,-0.9927404348505672,-0.6868128999894839,1.0,
orch_technical_20260803_015610_dc0a4bb3,ALICON,,2024-05-24,1107.0218352583,buy,"{""template_name"": ""B5"", ""matched"": true, ""score"": 1.0, ""matched_conditions"": 2, ""total_conditions"": 2, ""feature__base_breakout_score"": 0.763495, ""feature__volume_ratio_21d"": 3.439183, ""feature__rsi_14"": 77.131308, ""feature__adx_14"": 31.451304}",2024-06-04,984.8427017539,exit_model_urgent,,11,-253.26335434363523,-0.11438950266258371,-0.9794143852794054,-0.8306524269692238,1.0,
orch_technical_20260803_015610_dc0a4bb3,ASTRAMICRO,,2024-05-24,798.2503230937,buy,"{""template_name"": ""B5"", ""matched"": true, ""score"": 1.0, ""matched_conditions"": 2, ""total_conditions"": 2, ""feature__base_breakout_score"": 0.551121, ""feature__volume_ratio_21d"": 2.629571, ""feature__rsi_14"": 73.957243, ""feature__adx_14"": 27.700416}",2024-06-04,722.3167611095,exit_model_urgent,,11,-237.43259466813788,-0.09914709199988954,-0.9638137273309938,-0.7225961875509868,1.0,
orch_technical_20260803_015610_dc0a4bb3,COCHINSHIP,,2024-05-24,1892.2491037719,buy,"{""template_name"": ""B5"", ""matched"": true, ""score"": 1.0, ""matched_conditions"": 2, ""total_conditions"": 2, ""feature__base_breakout_score"": 0.672311, ""feature__volume_ratio_21d"": 2.842304, ""feature__rsi_14"": 84.129783, ""feature__adx_14"": 43.346792}",2024-06-04,1792.4695831762,exit_model_urgent,,11,-107.39032057798818,-0.05675273956474468,-0.8344943536489025,-0.4220548625540772,1.0,
orch_technical_20260803_015610_dc0a4bb3,FINCABLES,,2024-05-24,1263.3975587957,buy,"{""template_name"": ""B5"", ""matched"": true, ""score"": 1.0, ""matched_conditions"": 2, ""total_conditions"": 2, ""feature__base_breakout_score"": 0.750901, ""feature__volume_ratio_21d"": 9.93582, ""feature__rsi_14"": 80.801329, ""feature__adx_14"": 36.684792}",2024-06-04,1345.8444445522,exit_model_urgent,,11,154.73076908489656,0.06123597754628778,7.158780366455767,0.4143887517099431,1.0,
orch_technical_20260803_015610_dc0a4bb3,CHEVIOT,,2024-05-24,1419.4758637069,buy,"{""template_name"": ""B5"", ""matched"": true, ""score"": 1.0, ""matched_conditions"": 2, ""total_conditions"": 2, ""feature__base_breakout_score"": 0.888974, ""feature__volume_ratio_21d"": 6.189205, ""feature__rsi_14"": 63.180224, ""feature__adx_14"": 28.801327}",2024-06-25,1460.9432141172,signal,"{""template_name"": ""B5"", ""matched"": false}",32,71.51617578938249,0.025191050308746032,0.38910968925542333,0.1588596642457491,1.0,
orch_technical_20260803_015610_dc0a4bb3,CIEINDIA,,2024-05-24,546.6411216846,buy,"{""template_name"": ""B5"", ""matched"": true, ""score"": 1.0, ""matched_conditions"": 2, ""total_conditions"": 2, ""feature__base_breakout_score"": 0.807183, ""feature__volume_ratio_21d"": 2.595574, ""feature__rsi_14"": 79.964743, ""feature__adx_14"": 24.741342}",2024-06-25,564.5831747317,signal,"{""template_name"": ""B5"", ""matched"": false}",32,78.71706082350647,0.028800270488587392,0.4457375046053438,0.18444608679376465,1.0,
orch_technical_20260803_015610_dc0a4bb3,ADSL,,2024-06-25,163.1658391686,buy,"{""template_name"": ""B5"", ""matched"": true, ""score"": 1.0, ""matched_conditions"": 2, ""total_conditions"": 2, ""feature__base_breakout_score"": 0.790501, ""feature__volume_ratio_21d"": 2.760641, ""feature__rsi_14"": 67.509328, ""feature__adx_14"": 22.427859}",2024-07-03,227.5029485318,exit_model_urgent,,8,1146.2551442425201,0.39028292730444003,3897941.1094910987,2.747062812902233,1.0,
orch_technical_20260803_015610_dc0a4bb3,CUB,,2024-06-25,123.8524488479,buy,"{""template_name"": ""B5"", ""matched"": true, ""score"": 1.0, ""matched_conditions"": 2, ""total_conditions"": 2, ""feature__base_breakout_score"": 0.584259, ""feature__volume_ratio_21d"": 2.974972, ""feature__rsi_14"": 69.132475, ""feature__adx_14"": 24.834119}",2024-07-08,91.0985081165,exit_model_urgent,,13,-798.0500802021975,-0.2684814630991075,-0.9998212852544297,-1.9230385421200822,1.0,
orch_technical_20260803_015610_dc0a4bb3,ASHAPURMIN,,2024-06-25,425.4630490852,buy,"{""template_name"": ""B5"", ""matched"": true, ""score"": 1.0, ""matched_conditions"": 2, ""total_conditions"": 2, ""feature__base_breakout_score"": 0.566913, ""feature__volume_ratio_21d"": 3.068932, ""feature__rsi_14"": 65.865305, ""feature__adx_14"": 24.018109}",2024-07-11,393.7642298702,exit_model_urgent,,16,-233.8704951871482,-0.07852637452972026,-0.8292381276880427,-0.5764121466376982,1.0,
orch_technical_20260803_015610_dc0a4bb3,BVCL,,2024-06-25,66.18,buy,"{""template_name"": ""B5"", ""matched"": true, ""score"": 1.0, ""matched_conditions"": 2, ""total_conditions"": 2, ""feature__base_breakout_score"": 0.590227, ""feature__volume_ratio_21d"": 2.570719, ""feature__rsi_14"": 73.779564, ""feature__adx_14"": 44.060553}",2024-07-11,60.72,exit_model_urgent,,16,-263.40437423376034,-0.08652435854578433,-0.8599309229206064,-0.6331113194147616,1.0,
orch_technical_20260803_015610_dc0a4bb3,DVL,,2024-06-25,373.9351502999,buy,"{""template_name"": ""B5"", ""matched"": true, ""score"": 1.0, ""matched_conditions"": 2, ""total_conditions"": 2, ""feature__base_breakout_score"": 0.711609, ""feature__volume_ratio_21d"": 3.744986, ""feature__rsi_14"": 72.710872, ""feature__adx_14"": 24.711613}",2024-07-11,344.0942116094,exit_model_urgent,,16,-250.7595221363199,-0.08382453546263573,-0.8502134969878228,-0.613971779356731,1.0,
orch_technical_20260803_015610_dc0a4bb3,ARE&M,,2024-06-25,1606.3286580626,buy,"{""template_name"": ""B5"", ""matched"": true, ""score"": 1.0, ""matched_conditions"": 2, ""total_conditions"": 2, ""feature__base_breakout_score"": 0.574048, ""feature__volume_ratio_21d"": 4.69846, ""feature__rsi_14"": 78.431852, ""feature__adx_14"": 33.335148}",2024-07-16,1531.7302946142,exit_model_urgent,,21,-81.0591650933643,-0.050462378720884,-0.5626784515005114,-0.37746134303718676,1.0,
orch_technical_20260803_015610_dc0a4bb3,AVALON,,2024-06-25,555.55,buy,"{""template_name"": ""B5"", ""matched"": true, ""score"": 1.0, ""matched_conditions"": 2, ""total_conditions"": 2, ""feature__base_breakout_score"": 0.601822, ""feature__volume_ratio_21d"": 3.557002, ""feature__rsi_14"": 75.166309, ""feature__adx_14"": 21.717709}",2024-07-19,514.1,exit_model_urgent,,24,-218.42236605300013,-0.07863283810746112,-0.6927440845407675,-0.5771668864292093,1.0,
orch_technical_20260803_015610_dc0a4bb3,BBTC,,2024-06-25,1907.0062182582,buy,"{""template_name"": ""B5"", ""matched"": true, ""score"": 1.0, ""matched_conditions"": 2, ""total_conditions"": 2, ""feature__base_breakout_score"": 0.726029, ""feature__volume_ratio_21d"": 3.189764, ""feature__rsi_14"": 72.628879, ""feature__adx_14"": 23.758217}",2024-07-19,2086.5532360542,exit_model_urgent,,24,171.87686334159343,0.09012915726021092,2.9328608513917613,0.6192177918015569,1.0,
orch_technical_20260803_015610_dc0a4bb3,DGCONTENT,,2024-06-25,33.84,buy,"{""template_name"": ""B5"", ""matched"": true, ""score"": 1.0, ""matched_conditions"": 2, ""total_conditions"": 2, ""feature__base_breakout_score"": 0.735108, ""feature__volume_ratio_21d"": 6.119766, ""feature__rsi_14"": 86.021055, ""feature__adx_14"": 24.751293}",2024-07-22,33.4,exit_model_urgent,,27,-51.84968339520037,-0.017024456066193974,-0.16225926734249763,-0.14041378829134002,1.0,
orch_technical_20260803_015610_dc0a4bb3,BANCOINDIA,,2024-06-25,158.5354272835,buy,"{""template_name"": ""B5"", ""matched"": true, ""score"": 1.0, ""matched_conditions"": 2, ""total_conditions"": 2, ""feature__base_breakout_score"": 0.549404, ""feature__volume_ratio_21d"": 5.015851, ""feature__rsi_14"": 66.036969, ""feature__adx_14"": 16.071087}",2024-07-25,162.6449912937,signal,"{""template_name"": ""B5"", ""matched"": false}",30,65.96647879172224,0.02189996265123627,0.36558081721331415,0.1355285413849364,1.0,
orch_technical_20260803_015610_dc0a4bb3,EXIDEIND,,2024-06-25,573.8773464326,buy,"{""template_name"": ""B5"", ""matched"": true, ""score"": 1.0, ""matched_conditions"": 2, ""total_conditions"": 2, ""feature__base_breakout_score"": 0.518098, ""feature__volume_ratio_21d"": 3.846304, ""feature__rsi_14"": 72.585155, ""feature__adx_14"": 30.623718}",2024-07-25,534.5232111428,signal,"{""template_name"": ""B5"", ""matched"": false}",30,-208.311613869339,-0.0725979567460778,-0.5789141405845406,-0.5343845077309156,1.0,
orch_technical_20260803_015610_dc0a4bb3,GABRIEL,,2024-06-25,469.9767951345,buy,"{""template_name"": ""B5"", ""matched"": true, ""score"": 1.0, ""matched_conditions"": 2, ""total_conditions"": 2, ""feature__base_breakout_score"": 0.659696, ""feature__volume_ratio_21d"": 6.036463, ""feature__rsi_14"": 82.49429, ""feature__adx_14"": 25.206609}",2024-07-25,483.985339406,signal,"{""template_name"": ""B5"", ""matched"": false}",30,72.709526181623,0.025784792970758866,0.42988712648816296,0.1630688146655253,1.0,
orch_technical_20260803_015610_dc0a4bb3,GODREJAGRO,,2024-06-25,652.4831809712,buy,"{""template_name"": ""B5"", ""matched"": true, ""score"": 1.0, ""matched_conditions"": 2, ""total_conditions"": 2, ""feature__base_breakout_score"": 0.767642, ""feature__volume_ratio_21d"": 5.055423, ""feature__rsi_14"": 76.728205, ""feature__adx_14"": 26.490352}",2024-07-25,820.4443558947,signal,"{""template_name"": ""B5"", ""matched"": false}",30,661.3473101647251,0.2533963056259669,15.261727935445084,1.7766484937653777,1.0,
orch_technical_20260803_015610_dc0a4bb3,CAPLIPOINT,,2024-08-26,1830.7850580507,buy,"{""template_name"": ""B5"", ""matched"": true, ""score"": 1.0, ""matched_conditions"": 2, ""total_conditions"": 2, ""feature__base_breakout_score"": 0.72, ""feature__volume_ratio_21d"": 5.380088, ""feature__rsi_14"": 69.339947, ""feature__adx_14"": 48.084538}",2024-08-29,1783.7182361924,exit_model_urgent,,3,-54.430407794005305,-0.02973063798759601,-0.9580363996908103,-0.2304902378880609,1.0,
orch_technical_20260803_015610_dc0a4bb3,ALPA,,2024-08-26,111.97,buy,"{""template_name"": ""B5"", ""matched"": true, ""score"": 1.0, ""matched_conditions"": 2, ""total_conditions"": 2, ""feature__base_breakout_score"": 0.72, ""feature__volume_ratio_21d"": 3.966821, ""feature__rsi_14"": 76.269466, ""feature__adx_14"": 28.150011}",2024-09-02,102.7,exit_model_urgent,,7,-262.44954831348014,-0.08681212504456555,-0.9889928776470327,-0.6351513488023017,1.0,
orch_technical_20260803_015610_dc0a4bb3,GEOJITFSL,,2024-08-26,116.387421138,buy,"{""template_name"": ""B5"", ""matched"": true, ""score"": 1.0, ""matched_conditions"": 2, ""total_conditions"": 2, ""feature__base_breakout_score"": 0.563199, ""feature__volume_ratio_21d"": 4.787266, ""feature__rsi_14"": 67.421301, ""feature__adx_14"": 24.493596}",2024-09-04,164.403497,exit_model_urgent,,9,1236.2468286100452,0.40853173377011953,1223778.4296607922,2.876431942509715,1.0,
orch_technical_20260803_015610_dc0a4bb3,AARTIDRUGS,,2024-08-26,600.1550542447,buy,"{""template_name"": ""B5"", ""matched"": true, ""score"": 1.0, ""matched_conditions"": 2, ""total_conditions"": 2, ""feature__base_breakout_score"": 0.779806, ""feature__volume_ratio_21d"": 8.144002, ""feature__rsi_14"": 75.480547, ""feature__adx_14"": 26.683926}",2024-09-06,549.4433167136,exit_model_urgent,,11,-265.6280818676855,-0.0885198183332741,-0.9466764925375868,-0.6472574991312151,1.0,
orch_technical_20260803_015610_dc0a4bb3,ASIANENE,,2024-08-26,421.8042402827,buy,"{""template_name"": ""B5"", ""matched"": true, ""score"": 1.0, ""matched_conditions"": 2, ""total_conditions"": 2, ""feature__base_breakout_score"": 0.693625, ""feature__volume_ratio_21d"": 2.324245, ""feature__rsi_14"": 73.039018, ""feature__adx_14"": 25.69324}",2024-09-06,395.478869258,exit_model_urgent,,11,-196.15334539574997,-0.06643343951764545,-0.8823254478346314,-0.49068311664035474,1.0,
orch_technical_20260803_015610_dc0a4bb3,AWFIS,,2024-08-26,791.3,buy,"{""template_name"": ""B5"", ""matched"": true, ""score"": 1.0, ""matched_conditions"": 2, ""total_conditions"": 2, ""feature__base_breakout_score"": 0.687872, ""feature__volume_ratio_21d"": 2.147135, ""feature__rsi_14"": 64.069072, ""feature__adx_14"": 51.086198}",2024-09-12,726.55,exit_model_urgent,,17,-203.7980441988002,-0.08584946467787195,-0.8402582014209724,-0.628326873241065,1.0,
orch_technical_20260803_015610_dc0a4bb3,BALUFORGE,,2024-08-26,763.1240582774,buy,"{""template_name"": ""B5"", ""matched"": true, ""score"": 1.0, ""matched_conditions"": 2, ""total_conditions"": 2, ""feature__base_breakout_score"": 0.578938, ""feature__volume_ratio_21d"": 2.590563, ""feature__rsi_14"": 87.399053, ""feature__adx_14"": 49.676561}",2024-09-12,789.1629366821,exit_model_urgent,,17,91.87809293958026,0.030099330489912965,1.0562395742159363,0.19365536094522487,1.0,
orch_technical_20260803_015610_dc0a4bb3,GMRP&UI,,2024-08-26,126.18,buy,"{""template_name"": ""B5"", ""matched"": true, ""score"": 1.0, ""matched_conditions"": 2, ""total_conditions"": 2, ""feature__base_breakout_score"": 0.521021, ""feature__volume_ratio_21d"": 2.378811, ""feature__rsi_14"": 75.637753, ""feature__adx_14"": 51.451042}",2024-09-13,135.6,exit_model_urgent,,18,213.89981835455956,0.07063316239847821,3.310260344022777,0.4810071153478532,1.0,
orch_technical_20260803_015610_dc0a4bb3,GSPL,,2024-08-26,366.7025178311,buy,"{""template_name"": ""B5"", ""matched"": true, ""score"": 1.0, ""matched_conditions"": 2, ""total_conditions"": 2, ""feature__base_breakout_score"": 0.704916, ""feature__volume_ratio_21d"": 12.500237, ""feature__rsi_14"": 80.371338, ""feature__adx_14"": 22.417107}",2024-09-16,408.3473840568,exit_model_urgent,,21,321.3596396988137,0.10954371188924762,5.494156185279849,0.7568511235374716,1.0,
orch_technical_20260803_015610_dc0a4bb3,AEROFLEX,,2024-08-26,176.3051301902,buy,"{""template_name"": ""B5"", ""matched"": true, ""score"": 1.0, ""matched_conditions"": 2, ""total_conditions"": 2, ""feature__base_breakout_score"": 0.611487, ""feature__volume_ratio_21d"": 2.818614, ""feature__rsi_14"": 67.874404, ""feature__adx_14"": 30.156097}",2024-09-19,181.7919078513,exit_model_urgent,,24,81.2202575258516,0.027098826915863638,0.5942463826735451,0.17238424184552192,1.0,
orch_technical_20260803_015610_dc0a4bb3,ELIN,,2024-08-26,247.74,buy,"{""template_name"": ""B5"", ""matched"": true, ""score"": 1.0, ""matched_conditions"": 2, ""total_conditions"": 2, ""feature__base_breakout_score"": 0.515497, ""feature__volume_ratio_21d"": 3.876251, ""feature__rsi_14"": 73.838291, ""feature__adx_14"": 35.824225}",2024-09-19,244.61,exit_model_urgent,,24,-49.51719686496017,-0.016656305288124704,-0.17593172618540198,-0.13780390003301962,1.0,
orch_technical_20260803_015610_dc0a4bb3,AADHARHFC,,2024-09-24,510.45,buy,"{""template_name"": ""B5"", ""matched"": true, ""score"": 1.0, ""matched_conditions"": 2, ""total_conditions"": 2, ""feature__base_breakout_score"": 0.573201, ""feature__volume_ratio_21d"": 2.006805, ""feature__rsi_14"": 77.236803, ""feature__adx_14"": 32.254709}",2024-09-30,469.25,exit_model_urgent,,6,-259.5184611683999,-0.08473518828758934,-0.9940422252772131,-0.6204275639342269,1.0,
orch_technical_20260803_015610_dc0a4bb3,AVALON,,2024-09-24,629.65,buy,"{""template_name"": ""B5"", ""matched"": true, ""score"": 1.0, ""matched_conditions"": 2, ""total_conditions"": 2, ""feature__base_breakout_score"": 0.771963, ""feature__volume_ratio_21d"": 6.660975, ""feature__rsi_14"": 71.580615, ""feature__adx_14"": 24.877036}",2024-09-30,580.9,exit_model_urgent,,6,-205.1300409112,-0.08144605769522752,-0.9925953075590765,-0.5971103150665025,1.0,
orch_technical_20260803_015610_dc0a4bb3,EXXARO,,2024-09-24,0.959,buy,"{""template_name"": ""B5"", ""matched"": true, ""score"": 1.0, ""matched_conditions"": 2, ""total_conditions"": 2, ""feature__base_breakout_score"": 0.678343, ""feature__volume_ratio_21d"": 17.780937, ""feature__rsi_14"": 71.754726, ""feature__adx_14"": 16.099857}",2024-09-30,0.906,exit_model_urgent,,6,-183.87614026135225,-0.05928799398123053,-0.9685969867772141,-0.4400277452086846,1.0,
orch_technical_20260803_015610_dc0a4bb3,GEECEE,,2024-09-24,446.6246691871,buy,"{""template_name"": ""B5"", ""matched"": true, ""score"": 1.0, ""matched_conditions"": 2, ""total_conditions"": 2, ""feature__base_breakout_score"": 0.832599, ""feature__volume_ratio_21d"": 13.488596, ""feature__rsi_14"": 74.33555, ""feature__adx_14"": 24.525894}",2024-09-30,411.6645152579,exit_model_urgent,,6,-220.53911662884002,-0.0822984532068961,-0.9930004652255056,-0.6031531028857103,1.0,
orch_technical_20260803_015610_dc0a4bb3,BFUTILITIE,,2024-09-24,955.75,buy,"{""template_name"": ""B5"", ""matched"": true, ""score"": 1.0, ""matched_conditions"": 2, ""total_conditions"": 2, ""feature__base_breakout_score"": 0.798112, ""feature__volume_ratio_21d"": 7.583496, ""feature__rsi_14"": 76.278489, ""feature__adx_14"": 17.156846}",2024-10-01,907.2,exit_model_urgent,,7,-157.18234328699964,-0.05481989477269148,-0.9341416069716479,-0.4083525720023886,1.0,
orch_technical_20260803_015610_dc0a4bb3,ARVSMART,,2024-09-24,857.6757449535,buy,"{""template_name"": ""B5"", ""matched"": true, ""score"": 1.0, ""matched_conditions"": 2, ""total_conditions"": 2, ""feature__base_breakout_score"": 0.838, ""feature__volume_ratio_21d"": 11.853848, ""feature__rsi_14"": 73.444963, ""feature__adx_14"": 21.325473}",2024-10-03,775.8697212432,exit_model_urgent,,9,-255.76702338801442,-0.09940315435560523,-0.9828907101031455,-0.7244114604646692,1.0,
orch_technical_20260803_015610_dc0a4bb3,EPIGRAL,,2024-09-24,2273.9390975343,buy,"{""template_name"": ""B5"", ""matched"": true, ""score"": 1.0, ""matched_conditions"": 2, ""total_conditions"": 2, ""feature__base_breakout_score"": 0.534791, ""feature__volume_ratio_21d"": 6.754142, ""feature__rsi_14"": 68.922876, ""feature__adx_14"": 36.345028}",2024-10-07,2024.7029081542,exit_model_urgent,,13,-258.38218163277975,-0.11362757336507001,-0.9616768200082664,-0.8252509707026363,1.0,
orch_technical_20260803_015610_dc0a4bb3,GNA,,2024-09-24,466.4069801921,buy,"{""template_name"": ""B5"", ""matched"": true, ""score"": 1.0, ""matched_conditions"": 2, ""total_conditions"": 2, ""feature__base_breakout_score"": 0.686305, ""feature__volume_ratio_21d"": 7.672115, ""feature__rsi_14"": 69.31309, ""feature__adx_14"": 23.170032}",2024-10-07,416.2663681651,exit_model_urgent,,13,-312.0992628646486,-0.11152608348475104,-0.959052582719874,-0.8103531242485629,1.0,
orch_technical_20260803_015610_dc0a4bb3,CLSEL,,2024-09-24,295.7451491338,buy,"{""template_name"": ""B5"", ""matched"": true, ""score"": 1.0, ""matched_conditions"": 2, ""total_conditions"": 2, ""feature__base_breakout_score"": 0.72857, ""feature__volume_ratio_21d"": 9.226407, ""feature__rsi_14"": 80.601166, ""feature__adx_14"": 25.58815}",2024-10-22,293.7530987676,exit_model_urgent,,28,-31.81564564569817,-0.0107577912060036,-0.08438750250475269,-0.09598825394040462,1.0,
orch_technical_20260803_015610_dc0a4bb3,ALBERTDAVD,,2024-08-26,1517.6792449232,buy,"{""template_name"": ""B5"", ""matched"": true, ""score"": 1.0, ""matched_conditions"": 2, ""total_conditions"": 2, ""feature__base_breakout_score"": 0.72, ""feature__volume_ratio_21d"": 6.087969, ""feature__rsi_14"": 72.694611, ""feature__adx_14"": 23.648786}",2024-12-09,1409.5697749003,exit_model_urgent,,105,-228.4274311449435,-0.07525550339739367,-0.22667729906826384,-0.553224342424686,1.0,
orch_technical_20260803_015610_dc0a4bb3,BALPHARMA,,2024-08-26,144.0198324962,buy,"{""template_name"": ""B5"", ""matched"": true, ""score"": 1.0, ""matched_conditions"": 2, ""total_conditions"": 2, ""feature__base_breakout_score"": 0.773081, ""feature__volume_ratio_21d"": 3.467789, ""feature__rsi_14"": 76.631838, ""feature__adx_14"": 29.271213}",2025-01-13,114.8919667744,exit_model_urgent,,140,-623.8496614964101,-0.2062710824129595,-0.44540115831152494,-1.4820177653885698,1.0,
orch_technical_20260803_015610_dc0a4bb3,AVROIND,,2024-08-26,16.18,buy,"{""template_name"": ""B5"", ""matched"": true, ""score"": 1.0, ""matched_conditions"": 2, ""total_conditions"": 2, ""feature__base_breakout_score"": 0.766712, ""feature__volume_ratio_21d"": 2.218074, ""feature__rsi_14"": 79.695056, ""feature__adx_14"": 19.278557}",2025-02-20,18.883,exit_model_urgent,,178,501.20528477359994,0.16303600441532756,0.3730030403231446,1.1360677773949517,1.0,
